feature,importance
Monetary_Sum,0.3420154122051497
Avg_Txn_Value,0.20571411507390533
Monetary_Mean,0.17358912517005268
Monetary_Max,0.09359551799940753
Monetary_Range,0.05420993488589041
Frequency,0.04718521925590738
Monetary_CV,0.035815029871571445
Monetary_Min,0.019068323153090885
Monetary_Std,0.018585036132376123
Tenure_Days,0.005272893005597157
Frequency_Daily,0.003890503929854601
Recency,0.001058889317194569
Fraud_Count,1.1987520318210967e-15
Fraud_Rate,9.533056461868344e-16
